Username,Password
DanielFischer,KatelynDavis
AshleyRocha,PatrickPetty
JaneDouglas,JulieFerguson
LisaStanley,CameronRoberts
JulieJohnson,KristinaBradshaw
ZacharyBlair,DanielMcdonald
MeganVance,AmandaJohnson
FaithLopez,DanielleContreras
StevenArmstrong,ChristopherSmith
KennethTorres,ThomasWolfe
KaitlynNorman,StacyMartin
JeremyObrien,ChristineMcintosh
MaryMcdonald,AshleyPorter
WilliamLoveJr.,RyanPetersMD
DanielNorris,ElizabethWong
ShariMitchell,JessicaDelacruz
CharlesRodriguez,JohnnyJarvis
JulieMelendez,DonnaShah
SarahGarcia,AmberHughes
MicheleLindsey,WendyCain
JosephTodd,GordonSchaefer
KimberlyOwens,EmmaPerez
EmilyAdkins,JeremiahCase
AndreaFloyd,JonathanRodriguez
HeatherBuckley,ChristinaMiller
BrittneyGonzalez,BethKing
CindyJennings,TylerSmith
EricRomero,TonyKline
MicheleHernandez,StevenRichardson
LuisJordan,LauraMcfarland
GailKing,RubenMcmahon
RobertHunt,NicholasWolf
HollyWood,MaxBolton
LatoyaWard,DeannaSmith
JasonHendricks,DeniseBradford
RebeccaBowers,AustinWrightPhD
RobertTurner,EricPrice
SusanRobles,RachelOsborn
DavidDillon,JohnJohnson
KatherineCruz,TammyWallace
AntonioPruitt,LindseyCruz
PaulRamsey,DanielWilliams
CraigSteele,NicholasTorres
RyanOwens,MichaelWilson
JanetGonzalez,RobertWebb
DanielReed,Mr.AntonioSmith
RobertSmith,BrandonPayne
DavidWeiss,RandallBarry
ErikDixon,Dr.KristenMcgeeMD
JonJackson,VictoriaGutierrez
CherylMontgomery,AnnaBrown
JuliaSpears,VictoriaCarr
SethSmith,NicoleChristensen
MorganMeyer,AshleyGarza
ShaneWhite,DavidJames
NicholeHanson,NoahSmith
RubenLawson,DouglasSanchez
TinaMiller,GrantFritz
AlexanderShaffer,JohnWelch
GabrielaHester,BenjaminNoble
StephaniePrice,EricHenson
SharonMiller,MelindaHall
DavidStephens,MichaelMorales
DanielleJackson,TimothyBrown
JenniferRoy,ChristopherJones
SamanthaPittman,KatherineMartin
KathrynHarris,JenniferThompson
JessicaKnox,SarahBautista
StephanieCrawford,AndrewScott
DavidKline,DominiqueFowler
CaseyGordon,IsaacMorales
TannerHamilton,BryanGordonPhD
DesireeCaldwell,AndrewGonzalez
KyleChung,GregoryTaylor
BrianZimmerman,MicheleDowns
JeffreyDavis,ConnieGraham
StephenPatel,AndrewFuller
Mrs.BreannaSkinnerDDS,PaulSanders
MichaelRay,ChristineWells
ElizabethMartin,TriciaWilliams
PaigeMcdonald,Dr.JaniceWalker
DavidWilliams,PatrickGutierrez
ThomasGarcia,KristenBrady
KevinSmith,ChristinaCarrillo
AdamKelly,Dr.JasonGarrett
MariaNoble,TracyRosario
JosephReyes,DavidGriffin
RyanAlvarez,ChristopherKim
GregoryJoyce,TerryMiller
NicoleHendrix,JessicaPerez
MissNatashaJohnson,BrianMorales
StevenCopeland,CharlesStokes
StephanieFoster,WendyJohnston
JamesJohnsonDVM,MichelleDavisDDS
JustinKelley,DonaldJames
HannahLivingston,ValerieStone
PatriciaJackson,PhillipGardner
DustinJohnson,JeremyPalmer
LisaKaufman,AlexanderBullock
AllisonKrause,MelissaArmstrong
Mrs.EbonyHayden,MariaBoyd
MatthewLang,KylePowers
SeanBrennan,CarlaAlvarez
KimberlyRaymond,JasonTurner
HollyGeorge,JasonHenry
BrandyPatton,KevinWheeler
StevenGriffin,PatrickBecker
SamanthaThomas,JamesWhite
TammyMullins,JordanBender
KatherineSmith,RichardSmith
JeanneLambert,TammyHughes
MistyJuarez,MatthewJohnson
MichelleFoley,MichelleHall
MarilynArnold,JohnHall
CraigPhillips,RachelRobinson
BrandonChen,KathySantos
JohnAvery,CandiceRivera
KatelynJacobs,EricMorris
LindaHays,MissAnnetteTylerDDS
DavidDay,JoJones
PamelaBrewer,JeffreyGibson
CharlesParks,PaulJohnson
EricLandry,CrystalHarris
PaulWood,ErinAdams
JacobMccall,EdwardMills
MissNancyTanner,SherryHarris
NicoleMartin,DorothyStanley
BrianGilbert,ShannonSmith
MichaelRodriguez,BryanRichards
DanielSmith,EmmaChristian
TravisWilliams,AlexFoster
RobertTaylor,AnnTaylorMD
GabrielleCunningham,JasonCooper
KathleenTurner,SeanLopez
WilliamWilson,WilliamStanton
AngelaJohnson,DeannaRyan
JonathonPadilla,FrankFields
AndrewRivera,KeithShannon
MichealNguyen,LauraFullerDDS
ChristianHowell,KennethThompson
DebbieRamirez,TonySimmons
KathleenWhite,TinaMartinezDVM
JosephConner,JosephSpencer
AprilGarrett,JacobMitchellIV
BruceArellano,JamesRichard
JodiStewart,JeremyCook
CassandraLewis,MatthewHarris
AnthonyShort,AllenWright
CathyTaylor,JamesTodd
MichelleMartinez,TimothyWarren
PatriciaMarsh,JudithGarcia
AliciaMcclain,JeremyFleming
AmyGomez,MollyCox
ZacharyCarpenter,RyanGriffin
AdamWhite,SarahHenry
DebraAlexander,ElizabethBrown
SheliaStewart,AmberGibson
RichardRogers,ClaudiaLang
TiffanyLee,EdwardGonzalez
BeverlyDavis,SophiaDoyle
PatrickWillis,PatriciaJackson
BarbaraPowell,WilliamSims
SarahDiaz,DavidKane
RachelMckee,RichardHenry
JenniferFox,BrendaMullen
LindaErickson,JustinSweeney
AnthonyFord,DonaldRamirez
JoyCastillo,KennethMartinez
AndrewRoman,PaulaRocha
DavidVang,Dr.TaraSimpson
SusanOrtega,AshleyLucas
NicoleBrown,RichardWhitehead
KimberlyNewman,TracySimpson
LindsayPearsonMD,BrandyDavis
MichaelBarnett,RobertVillarreal
SheilaAustin,JanetYang
BrianSerrano,AdamKelly
NatalieClark,JustinValdezMD
DarrellCook,MichaelGreen
ThomasJordan,JamieMorris
TeresaStone,DerrickCarpenter
LeeKnight,LeePatton
JosephGiles,JasonMcgeeMD
JackAnderson,ToddBest
BrandyKnight,JasmineBeck
SabrinaFritz,CharlesCompton
NicolePatton,MaryFrost
JosePark,JamesWhite
CarolSawyer,ChrisBarron
SamanthaJohnson,AllisonRichards
KaitlynWalker,ZacharyBraun
MarcusHill,JohnRoberts
CarlySanchez,DouglasGallegos
AnthonySchroeder,SteveHenry
KatherineKelly,KellyMiller
AnnKennedy,JessicaMichael
BiancaHenderson,SabrinaCardenas
HeatherHines,CharlesSmith
BrendaPierce,LisaWhite
JosephRodriguez,AlicePennington
MichaelJohnson,JasonWilliams
ShaneMercado,JesseWood
